time,closed_boson_number,open_boson_number,closed_z0,open_z0
0.0,0.0,0.0,0.0,0.0
0.075,0.00012645104244817605,0.00012503549681179606,0.0024738963003094363,0.0024738848021273524
0.15,0.0005044708057128873,0.0004932714899408256,0.009869937027169207,0.0098699675991445
0.22499999999999998,0.0011300903221943253,0.0010927431264592012,0.022111219616221953,0.022111341898803902
0.3,0.001996798571858789,0.0019095057213417137,0.039070512491461554,0.039070872665156325
0.375,0.0030956943719245475,0.0029279298180842645,0.06057149457881719,0.06057256065461362
0.44999999999999996,0.0044156924860932565,0.0041310266158463465,0.0863907656198509,0.0863934437466534
0.525,0.0059437788112691806,0.005500794764110737,0.11626022958223661,0.11626602990553403
0.6,0.007665304932470322,0.00701857383663502,0.1498698753466712,0.1498811689692718
0.6749999999999999,0.00956431622136592,0.008665402841834686,0.18687134903287783,0.18689138002359035
0.75,0.011623896941769149,0.01042236066087697,0.22688113378291153,0.2269145561758175
0.825,0.013826532054841807,0.012270895908095533,0.26948481395038104,0.26953804360873274
0.8999999999999999,0.016154473288994557,0.014193119769803477,0.314242404678295,0.3143230159890181
0.975,0.018590088148076014,0.016172077979815454,0.3606918802271981,0.3608091486269606
1.05,0.02111617611041465,0.01819196442765878,0.4083541572371805,0.40851943665525453
1.125,0.023716295300476184,0.0202383118017838,0.45673883727677655,0.45696525675288563
1.2,0.02637502426378691,0.02229812052575346,0.5053481894816767,0.505651499304666
1.275,0.029078157884346235,0.024359945861238932,0.5536847199099785,0.5540817446514817
1.3499999999999999,0.031812911947987334,0.026413934973120123,0.6012545301270007,0.6017634430074015
1.425,0.034568008448616835,0.028451826492394885,0.6475707908581426,0.6482130705131729
1.5,0.03733378055645983,0.03046689426682808,0.6921639349271325,0.692961139570077
1.575,0.04010218316577617,0.032453865428530876,0.7345821001510435,0.7355570720299314
1.65,0.04286661933992201,0.0344087967548706,0.7743967909963726,0.7755738588063945
1.7249999999999999,0.04562197611387169,0.0363289280478501,0.8112095223239328,0.8126124415609557
1.7999999999999998,0.0483645137297894,0.03821251388047192,0.8446525831649373,0.8463057913587962
1.875,0.05109150091606028,0.040058642848640094,0.8743956204225636,0.8763226718061332
1.95,0.053801209153882465,0.04186704300956767,0.900147707736798,0.9023709818911283
2.025,0.05649247883087098,0.043637895100342015,0.9216609864198962,0.924200700246193
2.1,0.05916458079012235,0.045371646761299726,0.9387328002070565,0.9416063586756447
2.175,0.061817030760888264,0.047068841730306274,0.9512074525051761,0.9544290477393026
2.25,0.06444910161291179,0.04872996079150444,0.9589786810820229,0.9625579451073256
2.3249999999999997,0.06705985894043262,0.050355288608695585,0.9619899420494123,0.9659313040765605
2.4,0.06964773349125879,0.05194480220080328,0.9602351668718019,0.9645369510835606
2.475,0.07221048823473097,0.05349808655405651,0.9537587097400463,0.9584122393722287
2.55,0.07474498212798174,0.055014280729988166,0.9426547248941548,0.9476434885623082
2.625,0.0772471236383158,0.056492051207900504,0.9270660596477054,0.9323649098287383
2.6999999999999997,0.07971179578994367,0.05792959024138997,0.9071828590000467,0.9127570411584699
2.775,0.08213285491499868,0.059324646844933694,0.883239778848685,0.8890446730826703
2.85,0.08450322648944245,0.06067457669348175,0.8555143452220956,0.8614943435448958
2.925,0.08681489746072815,0.0619764162663425,0.8243226758749581,0.830411381799175
3.0,0.08905918612440217,0.0632269722582235,0.7900167716823155,0.7961365684765035
3.0749999999999997,0.09122678668695976,0.06442292580033453,0.7529816140241705,0.7590424252829147
3.15,0.09330796457006038,0.06556094657201088,0.7136277020717721,0.7195291751250337
3.225,0.0952932389396122,0.06663780875097662,0.6723901524068976,0.6780204462389807
3.3,0.0971728755374628,0.06765051164782573,0.6297222691011892,0.634958713058733
3.375,0.09893789582122224,0.06859639111618651,0.5860901904896424,0.5908005910829429
3.4499999999999997,0.10057986888404825,0.06947322531082925,0.5419692570890349,0.5460119876675161
3.525,0.10209111563165688,0.0702793297031245,0.49783560082739303,0.501063159988495
3.5999999999999996,0.10346569868180497,0.07101363629290874,0.4541651775104904,0.4564237572271966
3.675,0.1046987161884844,0.07167575482798123,0.41142988864388313,0.41255789098580703
3.75,0.10578694495773244,0.07226601774796085,0.37008185602285715,0.3699192653779384
3.8249999999999997,0.1067290896699131,0.07278550106572595,0.33056302935001325,0.3289464667584349
3.9,0.10752548389153664,0.07323602694317179,0.2932886637556766,0.2900584225694459
3.9749999999999996,0.10817860120052265,0.07362014710120922,0.25865081801278467,0.25365006333806517
4.05,0.10869266479704569,0.07394110351535833,0.22700915382238038,0.2200882777760691
4.125,0.10907382726321442,0.07420277351413214,0.19868886617965767,0.18970816733366497
4.2,0.10933010655758316,0.07440959754816223,0.17398009151085198,0.16280967010700512
4.2749999999999995,0.10947074786953226,0.07456649431767003,0.15312761878121287,0.13965456410283147
4.35,0.10950700815798509,0.07467876457986872,0.1363368628414008,0.12046386733371305
4.425,0.10945088837378325,0.07475198572195398,0.1237661239872517,0.10541570538359202
4.5,0.1093155150634179,0.07479190350367007,0.1155266424287432,0.09464361632935384
4.575,0.10911466199679958,0.07480432134749823,0.11168221142471323,0.0882353620129605
4.6499999999999995,0.10886242258215063,0.07479499186831165,0.11224722011675385,0.0862322116196412
4.725,0.10857303738203153,0.07476951211886342,0.11718811859465195,0.08862871415705992
4.8,0.10826047168785664,0.07473322581695858,0.12642267019916353,0.09537298529371291
4.875,0.10793821774557967,0.07469113571341504,0.13982174498546115,0.1063674654929494
4.95,0.10761905909542872,0.07464782826149255,0.1572109788400876,0.12147017452177106
5.0249999999999995,0.10731470151074474,0.07460741081327417,0.17837143560404592,0.1404964188434733
5.1,0.10703574645023188,0.07457346288913902,0.20304411050800927,0.16322094365846926
5.175,0.10679158243805044,0.0745490030496516,0.23093205780227644,0.18938052132790575
5.25,0.10658984945683775,0.07453647081252156,0.26170102470538004,0.21867690481411275
5.325,0.10643706932977366,0.07453772340227659,0.29499006063709193,0.25078017647212786
5.3999999999999995,0.10633806150628741,0.07455404736918883,0.3304078076263351,0.2853323778181317
5.475,0.10629621474690462,0.07458618286604755,0.3675418963560681,0.3219514429246866
5.55,0.10631353475146715,0.07463435898981516,0.40596132765264303,0.36023536086107333
5.625,0.10639070817849895,0.07469834124926272,0.4452220480780727,0.3997665486170848
5.7,0.10652737757666421,0.07477748540546024,0.48487274959586907,0.4401163597770009
5.7749999999999995,0.10672211699550886,0.07487079814949507,0.5244566784505815,0.4808496806235557
5.85,0.10697260062748581,0.07497700130385201,0.5635202920649073,0.5215295830680948
5.925,0.10727633033766634,0.07509459813095438,0.6016177919962713,0.5617219744748944
6.0,0.10763010236918358,0.07522194018258373,0.638313794474045,0.6010002103402614
