coupling,noise_scale,gamma_down,gamma_phi,final_closed_boson_number,final_open_boson_number,max_boson_number_separation,final_closed_z0,final_open_z0
0.05,0.0,0.0,0.0,0.015887107692135253,0.015887107692135253,0.0,0.5634637457970045,0.5634637457970045
0.05,0.5,0.1,0.075,0.015887107692135253,0.01245803646297462,0.0034290712291606337,0.5634637457970045,0.5611037933668863
0.05,1.0,0.2,0.15,0.015887107692135253,0.009882022723156183,0.00600508496897907,0.5634637457970045,0.559504935988172
0.05,1.5,0.30000000000000004,0.22499999999999998,0.015887107692135253,0.00793395415952799,0.007953153532607263,0.5634637457970045,0.5583975851381692
0.05,2.0,0.4,0.3,0.015887107692135253,0.006449078157909718,0.009438029534225536,0.5634637457970045,0.5576088394769902
0.1,0.0,0.0,0.0,0.05725315322770713,0.05725315322770713,0.0,0.5922409819334669,0.5922409819334669
0.1,0.5,0.1,0.075,0.05725315322770713,0.045940122695389114,0.011313030532318018,0.5922409819334669,0.5825360367634126
0.1,1.0,0.2,0.15,0.05725315322770713,0.03710555239868932,0.020147600829017814,0.5922409819334669,0.5760266603274631
0.1,1.5,0.30000000000000004,0.22499999999999998,0.05725315322770713,0.030210605820129317,0.027042547407577815,0.5922409819334669,0.5715823489933688
0.1,2.0,0.4,0.3,0.05725315322770713,0.024821722261230587,0.03243143096647655,0.5922409819334669,0.5684643766510877
0.15,0.0,0.0,0.0,0.10763010236918358,0.10763010236918358,0.0,0.638313794474045,0.638313794474045
0.15,0.5,0.1,0.075,0.10763010236918358,0.09017637465064927,0.019352509894086614,0.638313794474045,0.6159000306850103
0.15,1.0,0.2,0.15,0.10763010236918358,0.07522194018258373,0.034920509009420925,0.638313794474045,0.6010002103402614
0.15,1.5,0.30000000000000004,0.22499999999999998,0.10763010236918358,0.06273847138811024,0.047452972820646096,0.638313794474045,0.5910007923971122
0.15,2.0,0.4,0.3,0.10763010236918358,0.05248647573499911,0.05756515649023546,0.638313794474045,0.5841293065479407
0.2,0.0,0.0,0.0,0.14693944149630467,0.14693944149630467,0.0,0.6974945730449046,0.6974945730449046
0.2,0.5,0.1,0.075,0.14693944149630467,0.1323439748577265,0.029563852383271694,0.6974945730449046,0.6575293265509135
0.2,1.0,0.2,0.15,0.14693944149630467,0.11597855257398575,0.05382712760203108,0.6974945730449046,0.6309863106554592
0.2,1.5,0.30000000000000004,0.22499999999999998,0.14693944149630467,0.10016541036221752,0.07371688238039524,0.6974945730449046,0.6134266210965487
0.2,2.0,0.4,0.3,0.14693944149630467,0.08593681907947377,0.08998832342778298,0.6974945730449046,0.6016138459290338
0.25,0.0,0.0,0.0,0.16003843440409882,0.16003843440409882,0.0,0.7619156262649295,0.7619156262649295
0.25,0.5,0.1,0.075,0.16003843440409882,0.16209766944185314,0.039076944581573875,0.7619156262649295,0.7020111312835392
0.25,1.0,0.2,0.15,0.16003843440409882,0.1522498637349691,0.07188595856276955,0.7619156262649295,0.661749299748003
0.25,1.5,0.30000000000000004,0.22499999999999998,0.16003843440409882,0.13759150027168263,0.09929107563709791,0.7619156262649295,0.6352878905962894
0.25,2.0,0.4,0.3,0.16003843440409882,0.12180515250313882,0.12206239658247187,0.7619156262649295,0.6177834268698588
